symbol,date,open,high,low,close,Candles_Present,Signal,Bullish_Count,Bearish_Count,Signal_Strength
ANLB,2024-12-29,5937.4,6530.0,5820.0,6530.0,['CDLCLOSINGMARUBOZU'],Bullish,1,0,1
API,2024-12-29,265.0,265.0,260.0,260.0,"['CDLDOJI', 'CDLSHORTLINE']",Bearish,0,1,-1
BANKING,2024-12-29,1435.7,1440.13,1412.93,1415.43,['CDLSHORTLINE'],Bearish,0,1,-1
BARUN,2024-12-29,400.0,405.0,390.3,390.3,['CDLSHORTLINE'],Bearish,0,1,-1
BEDC,2024-12-29,692.9,730.0,690.0,699.0,"['CDLDOJI', 'CDLGRAVESTONEDOJI', 'CDLINVERTEDHAMMER', 'CDLLONGLEGGEDDOJI']",Bullish,1,0,1
BFC,2024-12-29,688.0,688.0,632.2,638.9,['CDLSHORTLINE'],Bearish,0,1,-1
BHDC,2024-12-29,676.2,676.2,637.0,640.0,"['CDLMATCHINGLOW', 'CDLSHORTLINE']",Bearish,0,1,-1
BHL,2024-12-29,371.8,371.8,346.0,349.9,"['CDLHIKKAKE', 'CDLSHORTLINE']",Bearish,0,2,-2
BHPL,2024-12-29,849.0,865.9,819.0,828.0,"['CDLHIKKAKE', 'CDLSHORTLINE']",Bearish,0,2,-2
BNHC,2024-12-29,476.0,485.0,472.0,475.0,"['CDLDOJI', 'CDLGRAVESTONEDOJI', 'CDLHIGHWAVE', 'CDLINVERTEDHAMMER', 'CDLLONGLEGGEDDOJI', 'CDLRICKSHAWMAN', 'CDLSHORTLINE', 'CDLSPINNINGTOP']",Bullish,1,1,0
BNL,2024-12-29,16500.0,16500.0,16341.6,16341.6,"['CDLBELTHOLD', 'CDLCLOSINGMARUBOZU', 'CDLLONGLINE', 'CDLMARUBOZU']",Bullish,4,0,4
BOKD86,2024-12-23,1061.0,1080.0,1061.0,1068.0,"['CDLDOJI', 'CDLGRAVESTONEDOJI', 'CDLINVERTEDHAMMER', 'CDLLONGLEGGEDDOJI', 'CDLSHORTLINE']",Bullish,1,1,0
BPCL,2024-12-29,390.0,397.8,375.5,389.0,"['CDLDOJI', 'CDLDRAGONFLYDOJI', 'CDLHAMMER', 'CDLHIGHWAVE', 'CDLLONGLEGGEDDOJI', 'CDLRICKSHAWMAN', 'CDLSHORTLINE', 'CDLSPINNINGTOP', 'CDLTAKURI']",Bullish,1,1,0
BPW,2024-03-06,1200.0,1200.0,1140.1,1141.5,"['CDLBELTHOLD', 'CDLCLOSINGMARUBOZU', 'CDLLONGLINE', 'CDLMARUBOZU']",Bullish,4,0,4
C30MF,2024-12-29,9.29,9.5,9.11,9.11,"['CDLDOJI', 'CDLDOJISTAR', 'CDLINVERTEDHAMMER', 'CDLLONGLEGGEDDOJI', 'CDLSHORTLINE']",Bullish,1,1,0
CBBL,2024-12-29,940.0,940.0,930.1,930.1,['CDLSHORTLINE'],Bearish,0,1,-1
CBBLPO,2024-12-08,526.0,526.0,526.0,526.0,"['CDLDOJI', 'CDLSHORTLINE']",Bearish,0,1,-1
CBLD88,2024-12-26,1161.0,1161.0,1161.0,1161.0,"['CDLDOJI', 'CDLSHORTLINE']",Bearish,0,1,-1
CCBD88,2024-12-29,1147.0,1169.9,1147.0,1169.9,['CDLSHORTLINE'],Bearish,0,1,-1
CFCL,2024-12-29,595.0,604.0,580.0,582.0,['CDLSHORTLINE'],Bearish,0,1,-1
CGH,2024-12-29,906.0,913.5,900.0,900.0,"['CDLDOJI', 'CDLGRAVESTONEDOJI', 'CDLLONGLEGGEDDOJI', 'CDLSHOOTINGSTAR', 'CDLSHORTLINE']",Bearish,0,2,-2
CHDC,2024-12-29,1551.0,1640.0,1551.0,1570.1,['CDLBELTHOLD'],Bullish,1,0,1
CHL,2024-12-29,400.0,404.0,390.0,390.5,['CDLSHORTLINE'],Bearish,0,1,-1
CITY,2024-12-29,879.0,892.0,865.0,865.0,['CDLCLOSINGMARUBOZU'],Bullish,1,0,1
CIZBD86,2024-12-29,1131.1,1131.1,1131.0,1131.0,"['CDLDOJI', 'CDLSHORTLINE']",Bearish,0,1,-1
CIZBD90,2024-12-29,1150.0,1173.0,1150.0,1150.0,"['CDLDOJI', 'CDLGRAVESTONEDOJI', 'CDLLONGLEGGEDDOJI', 'CDLSHOOTINGSTAR']",Bearish,0,1,-1
CKHL,2024-12-29,749.8,754.0,715.0,717.0,"['CDLCLOSINGMARUBOZU', 'CDLLONGLINE']",Bullish,2,0,2
CMF1,2024-12-29,10.4,10.59,10.4,10.5,"['CDLDOJI', 'CDLDOJISTAR', 'CDLSHORTLINE']",Bearish,0,1,-1
CMF2,2024-12-29,9.35,9.58,9.35,9.58,"['CDLDOJI', 'CDLSHORTLINE']",Bearish,0,1,-1
CZBIL,2024-12-29,228.0,228.2,220.5,221.9,['CDLSHORTLINE'],Bearish,0,1,-1
CZBILP,2024-09-29,102.0,102.0,102.0,102.0,"['CDLDOJI', 'CDLSHORTLINE']",Bearish,0,1,-1
DDBL,2024-12-29,880.0,888.4,873.2,873.2,"['CDLSHOOTINGSTAR', 'CDLSHORTLINE']",Bearish,0,2,-2
DEVBANK,2024-12-29,5356.92,5359.43,5215.96,5223.76,"['CDLBELTHOLD', 'CDLLONGLINE']",Bullish,2,0,2
DHPL,2024-12-29,303.0,310.0,300.0,300.3,"['CDLDOJI', 'CDLDOJISTAR', 'CDLGRAVESTONEDOJI', 'CDLINVERTEDHAMMER', 'CDLLONGLEGGEDDOJI', 'CDLSHORTLINE']",Bullish,1,1,0
DLBS,2024-12-29,1670.0,1836.0,1670.0,1760.0,['CDLBELTHOLD'],Bullish,1,0,1
DOLTI,2024-12-29,669.0,690.0,669.0,685.0,['CDLSHORTLINE'],Bearish,0,1,-1
DORDI,2024-12-29,530.1,540.0,514.0,514.0,['CDLSHORTLINE'],Bearish,0,1,-1
EBL,2024-12-29,585.0,589.9,580.0,583.0,"['CDLDOJI', 'CDLHANGINGMAN', 'CDLLONGLEGGEDDOJI', 'CDLRICKSHAWMAN', 'CDLSHOOTINGSTAR', 'CDLSHORTLINE', 'CDLSPINNINGTOP']",Bearish,0,2,-2
EBLD86,2024-12-29,1043.0,1043.0,1043.0,1043.0,"['CDLDOJI', 'CDLSHORTLINE']",Bearish,0,1,-1
EDBL,2024-12-29,617.1,617.1,561.0,563.0,"['CDLBELTHOLD', 'CDLCLOSINGMARUBOZU', 'CDLLONGLINE', 'CDLMARUBOZU']",Bullish,4,0,4
FINANCE,2024-12-29,3052.63,3052.63,2932.35,2935.78,"['CDLBELTHOLD', 'CDLCLOSINGMARUBOZU', 'CDLLONGLINE', 'CDLMARUBOZU']",Bullish,4,0,4
FLOAT,2024-12-29,178.32,178.84,176.3,176.7,"['CDLDOJI', 'CDLDOJISTAR', 'CDLSHORTLINE']",Bearish,0,1,-1
FMDBL,2024-12-29,748.2,765.0,748.0,760.0,['CDLSHORTLINE'],Bearish,0,1,-1
FMDBLP,2024-07-08,370.0,370.0,370.0,370.0,"['CDLDOJI', 'CDLSHORTLINE']",Bearish,0,1,-1
GBBD85,2024-12-29,1051.1,1051.2,1050.0,1050.0,"['CDLDOJI', 'CDLSHORTLINE']",Bearish,0,1,-1
GBBL,2024-12-29,402.0,404.9,395.1,396.5,['CDLSHORTLINE'],Bearish,0,1,-1
GBBLPO,2024-11-26,205.0,205.0,205.0,205.0,"['CDLDOJI', 'CDLSHORTLINE']",Bearish,0,1,-1
GBD80/81,2024-04-09,1040.0,1040.0,1040.0,1040.0,"['CDLDOJI', 'CDLSHORTLINE']",Bearish,0,1,-1
GBILD86/87,2024-12-29,1059.0,1059.0,1045.0,1045.0,['CDLSHORTLINE'],Bearish,0,1,-1
GBIME,2024-12-29,233.1,237.5,229.0,229.5,['CDLINVERTEDHAMMER'],Bullish,1,0,1
GBIMEP,2024-12-12,100.0,100.0,100.0,100.0,"['CDLDOJI', 'CDLSHORTLINE']",Bearish,0,1,-1
GBLBS,2024-12-29,760.0,795.0,760.0,766.1,['CDLBELTHOLD'],Bullish,1,0,1
GCIL,2024-12-29,501.0,505.0,492.0,492.1,['CDLCLOSINGMARUBOZU'],Bullish,1,0,1
GHL,2024-12-29,203.2,207.2,203.2,204.0,"['CDLDOJI', 'CDLDOJISTAR', 'CDLGRAVESTONEDOJI', 'CDLINVERTEDHAMMER', 'CDLLONGLEGGEDDOJI', 'CDLSHORTLINE']",Bullish,1,1,0
GIBF1,2024-12-29,9.88,9.91,9.88,9.91,"['CDLDOJI', 'CDLSHORTLINE']",Bearish,0,1,-1
GLH,2024-12-29,240.1,243.3,235.2,235.2,['CDLSHORTLINE'],Bearish,0,1,-1
GMFIL,2024-12-29,565.1,567.0,541.3,546.0,"['CDLBELTHOLD', 'CDLCLOSINGMARUBOZU', 'CDLLONGLINE', 'CDLMARUBOZU']",Bullish,4,0,4
GRDBL,2024-12-29,945.0,980.0,875.0,880.0,['CDLCLOSINGMARUBOZU'],Bullish,1,0,1
GRDBLP,2024-07-08,277.0,277.0,277.0,277.0,"['CDLDOJI', 'CDLDOJISTAR', 'CDLSHORTLINE']",Bearish,0,1,-1
GUFL,2024-12-29,670.4,670.4,653.8,657.0,['CDLSHORTLINE'],Bearish,0,1,-1
GUFLPO,2024-12-19,385.0,385.0,385.0,385.0,"['CDLDOJI', 'CDLSHORTLINE']",Bearish,0,1,-1
GVL,2024-12-29,510.0,520.0,497.9,500.0,['CDLSHORTLINE'],Bearish,0,1,-1
GWFD83,2024-12-29,1329.0,1330.0,1325.0,1325.0,"['CDLDOJI', 'CDLSHORTLINE']",Bearish,0,1,-1
H8020,2024-12-29,10.0,10.03,10.0,10.01,"['CDLDOJI', 'CDLINVERTEDHAMMER', 'CDLLONGLEGGEDDOJI', 'CDLSHORTLINE']",Bullish,1,1,0
HBL,2024-12-29,242.0,245.0,237.0,239.1,"['CDLDOJI', 'CDLINVERTEDHAMMER', 'CDLLONGLEGGEDDOJI', 'CDLSHORTLINE']",Bullish,1,1,0
HBLD83,2024-11-27,1075.5,1075.5,1075.5,1075.5,"['CDLDOJI', 'CDLSHORTLINE']",Bearish,0,1,-1
HBLPO,2024-08-12,125.0,125.0,125.0,125.0,"['CDLDOJI', 'CDLSHORTLINE', 'CDLTRISTAR']",Bearish,0,1,-1
HDHPC,2024-12-29,199.0,200.0,196.0,196.4,['CDLSHORTLINE'],Bearish,0,1,-1
HEI,2024-12-29,615.0,620.0,610.0,619.5,['CDLCLOSINGMARUBOZU'],Bullish,1,0,1
HEIP,2024-12-29,466.5,466.5,440.0,457.0,['CDLBELTHOLD'],Bullish,1,0,1
HHL,2024-12-29,549.4,549.4,500.8,507.1,['CDLBELTHOLD'],Bullish,1,0,1
HIDCL,2024-12-29,238.0,240.0,233.3,234.9,['CDLSHORTLINE'],Bearish,0,1,-1
HIDCLP,2024-12-29,170.8,170.8,165.5,169.5,"['CDLDOJI', 'CDLDRAGONFLYDOJI', 'CDLHAMMER', 'CDLLONGLEGGEDDOJI', 'CDLSHORTLINE', 'CDLTAKURI']",Bullish,1,1,0
HLBSL,2024-12-29,948.0,1003.0,948.0,960.0,['CDLBELTHOLD'],Bullish,1,0,1
HLI,2024-12-29,447.0,451.9,442.3,446.0,"['CDLDOJI', 'CDLHIGHWAVE', 'CDLLONGLEGGEDDOJI', 'CDLRICKSHAWMAN', 'CDLSHORTLINE', 'CDLSPINNINGTOP']",Bearish,0,1,-1
HPPL,2024-12-29,396.0,403.0,388.0,388.1,['CDLSHORTLINE'],Bearish,0,1,-1
HRL,2024-12-29,801.0,805.0,793.0,796.0,['CDLSHORTLINE'],Bearish,0,1,-1
HURJA,2024-12-29,226.5,230.9,224.0,224.4,"['CDLDOJI', 'CDLGRAVESTONEDOJI', 'CDLINVERTEDHAMMER', 'CDLLONGLEGGEDDOJI', 'CDLSHORTLINE']",Bullish,1,1,0
HYDROPOWER,2024-12-29,3490.88,3493.21,3420.18,3434.32,['CDLBELTHOLD'],Bullish,1,0,1
ICFC,2024-12-29,651.7,670.9,651.7,652.1,"['CDLDOJI', 'CDLDOJISTAR', 'CDLGRAVESTONEDOJI', 'CDLINVERTEDHAMMER', 'CDLLONGLEGGEDDOJI']",Bullish,1,0,1
ICFCD83,2024-12-29,1325.0,1325.0,1325.0,1325.0,"['CDLDOJI', 'CDLSHORTLINE']",Bearish,0,1,-1
ICFCPO,2024-12-26,369.0,369.0,369.0,369.0,"['CDLDOJI', 'CDLSHORTLINE', 'CDLTRISTAR']",Bearish,0,1,-1
IGI,2024-12-29,572.0,582.0,570.0,571.1,"['CDLDOJI', 'CDLGRAVESTONEDOJI', 'CDLLONGLEGGEDDOJI', 'CDLSHOOTINGSTAR', 'CDLSPINNINGTOP', 'CDLTRISTAR']",Bearish,0,1,-1
IGIPO,2024-12-22,310.0,310.0,310.0,310.0,"['CDLDOJI', 'CDLSHORTLINE', 'CDLTRISTAR']",Bearish,0,1,-1
ILI,2024-12-29,470.0,472.0,465.0,470.5,"['CDLDOJI', 'CDLDRAGONFLYDOJI', 'CDLHAMMER', 'CDLHIGHWAVE', 'CDLLONGLEGGEDDOJI', 'CDLRICKSHAWMAN', 'CDLSHORTLINE', 'CDLSPINNINGTOP', 'CDLTAKURI']",Bullish,1,1,0
INVESTMENT,2024-12-29,99.0,99.63,98.38,98.75,"['CDLDOJI', 'CDLHAMMER', 'CDLINVERTEDHAMMER', 'CDLLONGLEGGEDDOJI', 'CDLRICKSHAWMAN', 'CDLSHORTLINE', 'CDLSPINNINGTOP']",Bullish,2,1,1
JBBL,2024-12-29,361.1,366.9,356.0,359.9,"['CDLDOJI', 'CDLDOJISTAR', 'CDLHIGHWAVE', 'CDLLONGLEGGEDDOJI', 'CDLRICKSHAWMAN', 'CDLSHORTLINE', 'CDLSPINNINGTOP']",Bearish,0,1,-1
JBBLPO,2024-12-03,204.0,204.0,204.0,204.0,"['CDLDOJI', 'CDLSHORTLINE']",Bearish,0,1,-1
JBLB,2024-12-29,1525.0,1575.0,1525.0,1571.0,"['CDLBELTHOLD', 'CDLLONGLINE']",Bullish,2,0,2
JFL,2024-12-29,907.5,907.5,833.4,833.4,"['CDLBELTHOLD', 'CDLCLOSINGMARUBOZU', 'CDLLONGLINE', 'CDLMARUBOZU']",Bullish,4,0,4
JFLPO,2024-09-10,349.0,349.0,349.0,349.0,"['CDLDOJI', 'CDLDOJISTAR', 'CDLSHORTLINE']",Bearish,0,1,-1
JOSHI,2024-12-29,451.1,451.1,414.3,420.0,"['CDLBELTHOLD', 'CDLLONGLINE']",Bullish,2,0,2
JSLBB,2024-12-29,1610.1,1730.0,1609.0,1661.9,['CDLBELTHOLD'],Bullish,1,0,1
JSLBBP,2024-04-02,546.0,546.0,546.0,546.0,"['CDLDOJI', 'CDLSHORTLINE']",Bearish,0,1,-1
KBL,2024-12-29,224.0,225.4,218.7,219.3,['CDLSHORTLINE'],Bearish,0,1,-1
KBLD86,2024-12-24,1136.1,1136.1,1136.1,1136.1,"['CDLDOJI', 'CDLSHORTLINE']",Bearish,0,1,-1
KBLD90,2024-12-24,1141.0,1141.0,1141.0,1141.0,"['CDLDOJI', 'CDLSHORTLINE']",Bearish,0,1,-1
KBLPO,2024-12-19,100.0,100.0,100.0,100.0,"['CDLDOJI', 'CDLSHORTLINE', 'CDLTRISTAR']",Bearish,0,1,-1
KBSH,2024-12-29,2600.0,2600.0,2450.0,2537.0,['CDLBELTHOLD'],Bullish,1,0,1
KDBY,2024-12-29,9.05,9.55,9.05,9.55,"['CDLDOJI', 'CDLDOJISTAR', 'CDLSHORTLINE']",Bearish,0,1,-1
KEF,2024-12-29,8.76,8.98,8.76,8.85,"['CDLDOJI', 'CDLINVERTEDHAMMER', 'CDLLONGLEGGEDDOJI', 'CDLSHORTLINE']",Bullish,1,1,0
KKHC,2024-12-29,382.0,383.0,366.0,367.9,"['CDLBELTHOLD', 'CDLCLOSINGMARUBOZU', 'CDLLONGLINE', 'CDLMARUBOZU']",Bullish,4,0,4
KLBSL,2024-07-10,1051.5,1113.1,1051.5,1070.0,['CDLBELTHOLD'],Bullish,1,0,1
KMCDB,2024-12-29,1080.2,1130.0,1080.2,1107.0,['CDLBELTHOLD'],Bullish,1,0,1
KPCL,2024-12-29,524.9,530.0,521.0,524.9,"['CDLDOJI', 'CDLHIGHWAVE', 'CDLLONGLEGGEDDOJI', 'CDLRICKSHAWMAN', 'CDLSHORTLINE', 'CDLSPINNINGTOP']",Bearish,0,1,-1
KSBBL,2024-12-29,433.0,442.0,430.0,432.9,"['CDLDOJI', 'CDLGRAVESTONEDOJI', 'CDLHIGHWAVE', 'CDLINVERTEDHAMMER', 'CDLLONGLEGGEDDOJI', 'CDLRICKSHAWMAN', 'CDLSHORTLINE', 'CDLSPINNINGTOP']",Bullish,1,1,0
KSBBLP,2024-12-22,186.0,186.0,186.0,186.0,"['CDLDOJI', 'CDLSHORTLINE']",Bearish,0,1,-1
KSLY,2024-11-26,11.73,11.73,11.73,11.73,"['CDLDOJI', 'CDLSHORTLINE']",Bearish,0,1,-1
KSY,2024-12-29,8.84,9.19,8.84,9.0,"['CDLDOJI', 'CDLINVERTEDHAMMER', 'CDLLONGLEGGEDDOJI', 'CDLSHORTLINE']",Bullish,1,1,0
LBBL,2024-12-29,485.0,485.0,473.7,473.7,"['CDLBELTHOLD', 'CDLCLOSINGMARUBOZU', 'CDLLONGLINE', 'CDLMARUBOZU']",Bullish,4,0,4
LBBLD89,2024-12-12,1255.0,1255.0,1255.0,1255.0,"['CDLDOJI', 'CDLSHORTLINE']",Bearish,0,1,-1
LBBLPO,2024-10-27,261.0,261.0,261.0,261.0,"['CDLDOJI', 'CDLSHORTLINE']",Bearish,0,1,-1
LBLD86,2024-12-23,1135.0,1135.0,1135.0,1135.0,"['CDLDOJI', 'CDLSHORTLINE', 'CDLTRISTAR']",Bearish,0,1,-1
LEC,2024-12-29,206.0,206.0,199.0,199.1,"['CDLBELTHOLD', 'CDLCLOSINGMARUBOZU', 'CDLLONGLINE', 'CDLMARUBOZU']",Bullish,4,0,4
LEMF,2024-06-09,9.6,9.76,9.47,9.47,"['CDLDOJI', 'CDLDOJISTAR', 'CDLINVERTEDHAMMER', 'CDLLONGLEGGEDDOJI', 'CDLSHORTLINE']",Bullish,1,1,0
LICN,2024-12-29,1136.0,1160.0,1130.0,1145.0,"['CDLABANDONEDBABY', 'CDLMORNINGDOJISTAR', 'CDLMORNINGSTAR']",Bullish,2,0,2
LLBS,2024-12-29,1090.1,1171.0,1090.0,1124.0,['CDLBELTHOLD'],Bullish,1,0,1
LSL,2024-12-29,239.2,244.8,238.0,239.0,"['CDLDOJI', 'CDLGRAVESTONEDOJI', 'CDLHIGHWAVE', 'CDLINVERTEDHAMMER', 'CDLLONGLEGGEDDOJI', 'CDLRICKSHAWMAN', 'CDLSHORTLINE', 'CDLSPINNINGTOP']",Bullish,1,1,0
LUK,2024-12-29,9.31,9.49,9.31,9.41,"['CDLDOJI', 'CDLSHORTLINE']",Bearish,0,1,-1
LVF2,2024-12-29,9.0,9.06,9.0,9.06,"['CDLDOJI', 'CDLGAPSIDESIDEWHITE', 'CDLSHORTLINE']",Bearish,0,1,-1
MANDU,2024-12-29,892.0,910.0,882.0,882.1,['CDLSHOOTINGSTAR'],Bearish,0,1,-1
MBJC,2024-12-29,334.0,335.0,328.2,330.0,"['CDLDOJI', 'CDLSHORTLINE']",Bearish,0,1,-1
MBL,2024-12-29,238.3,245.0,236.0,238.1,"['CDLDOJI', 'CDLGRAVESTONEDOJI', 'CDLHIGHWAVE', 'CDLINVERTEDHAMMER', 'CDLLONGLEGGEDDOJI', 'CDLRICKSHAWMAN', 'CDLSHORTLINE', 'CDLSPINNINGTOP']",Bullish,1,1,0
MBLD2085,2024-11-14,1111.8,1170.0,1111.8,1170.0,"['CDLBELTHOLD', 'CDLCLOSINGMARUBOZU', 'CDLLONGLINE', 'CDLMARUBOZU']",Bullish,4,0,4
MBLPO,2024-05-21,113.0,113.0,113.0,113.0,"['CDLDOJI', 'CDLSHORTLINE']",Bearish,0,1,-1
MDBPO,2024-11-27,379.0,379.0,379.0,379.0,"['CDLDOJI', 'CDLSHORTLINE']",Bearish,0,1,-1
MEHL,2024-12-29,463.6,475.0,458.2,460.0,['CDLSHOOTINGSTAR'],Bearish,0,1,-1
MEL,2024-12-29,310.7,316.0,307.2,315.8,['CDLSHORTLINE'],Bearish,0,1,-1
MEN,2024-12-29,625.0,625.0,605.0,608.0,"['CDLBELTHOLD', 'CDLLONGLINE']",Bullish,2,0,2
MERO,2024-12-29,718.0,764.6,718.0,733.0,['CDLBELTHOLD'],Bullish,1,0,1
MFIL,2024-12-29,670.0,670.0,650.0,650.0,"['CDLBELTHOLD', 'CDLCLOSINGMARUBOZU', 'CDLLONGLINE', 'CDLMARUBOZU']",Bullish,4,0,4
MFILPO,2024-06-23,267.6,267.6,267.6,267.6,"['CDLDOJI', 'CDLDOJISTAR', 'CDLSHORTLINE']",Bearish,0,1,-1
MFLD85,2024-12-29,1100.0,1102.0,1085.0,1085.0,"['CDLCLOSINGMARUBOZU', 'CDLLONGLINE']",Bullish,2,0,2
MHNL,2024-12-29,260.0,267.0,258.8,260.0,"['CDLDOJI', 'CDLDOJISTAR', 'CDLGRAVESTONEDOJI', 'CDLHIGHWAVE', 'CDLINVERTEDHAMMER', 'CDLLONGLEGGEDDOJI', 'CDLRICKSHAWMAN', 'CDLSPINNINGTOP']",Bullish,1,0,1
MICROFINANCE,2024-12-29,4921.9,5033.01,4909.42,4977.97,"['CDLABANDONEDBABY', 'CDLMORNINGDOJISTAR', 'CDLMORNINGSTAR']",Bullish,2,0,2
MKCL,2024-12-29,1480.0,1506.0,1480.0,1485.0,['CDLINVERTEDHAMMER'],Bullish,1,0,1
MKHL,2024-12-29,630.0,632.1,618.0,625.0,"['CDLHANGINGMAN', 'CDLSHORTLINE']",Bearish,0,1,-1
MKJC,2024-12-29,508.0,529.3,507.1,529.3,"['CDLBELTHOLD', 'CDLCLOSINGMARUBOZU', 'CDLLONGLINE', 'CDLMARUBOZU']",Bullish,4,0,4
MKLB,2024-07-07,1205.0,1205.0,1142.0,1169.0,['CDLBELTHOLD'],Bullish,1,0,1
MLBBL,2024-12-29,1535.0,1610.0,1535.0,1584.9,['CDLBELTHOLD'],Bullish,1,0,1
MLBL,2024-12-29,396.0,399.0,387.0,389.0,['CDLSHORTLINE'],Bearish,0,1,-1
MLBLPO,2024-09-16,155.0,155.0,155.0,155.0,"['CDLDOJI', 'CDLSHORTLINE']",Bearish,0,1,-1
MLBS,2024-12-29,2035.0,2172.0,2035.0,2160.0,['CDLBELTHOLD'],Bullish,1,0,1
MLBSL,2024-12-29,2221.0,2461.6,2221.0,2461.6,"['CDLBELTHOLD', 'CDLCLOSINGMARUBOZU', 'CDLLONGLINE', 'CDLMARUBOZU']",Bullish,4,0,4
MMF1,2024-12-29,8.6,8.9,8.6,8.73,"['CDLDOJI', 'CDLINVERTEDHAMMER', 'CDLLONGLEGGEDDOJI', 'CDLSHORTLINE']",Bullish,1,1,0
MMFDBP,2024-03-12,278.0,278.0,278.0,278.0,"['CDLDOJI', 'CDLSHORTLINE']",Bearish,0,1,-1
MNBBL,2024-12-29,371.0,378.4,371.0,375.0,"['CDLDOJI', 'CDLSHORTLINE', 'CDLTRISTAR']",Bearish,0,1,-1
MNBBLP,2024-12-29,221.0,221.0,221.0,221.0,"['CDLDOJI', 'CDLSHORTLINE']",Bearish,0,1,-1
MPFLPO,2024-03-14,202.0,202.0,202.0,202.0,"['CDLDOJI', 'CDLSHORTLINE']",Bearish,0,1,-1
MSLB,2024-12-29,1490.0,1590.0,1490.0,1564.0,['CDLBELTHOLD'],Bullish,1,0,1
MUTUAL,2024-12-29,20.31,20.36,20.17,20.34,"['CDLDOJI', 'CDLHAMMER', 'CDLLONGLEGGEDDOJI', 'CDLSHORTLINE', 'CDLTAKURI']",Bullish,1,1,0
NABBC,2024-12-29,1133.4,1155.5,1040.9,1040.9,['CDLCLOSINGMARUBOZU'],Bullish,1,0,1
NABILD87,2024-12-29,1070.0,1070.0,1070.0,1070.0,"['CDLDOJI', 'CDLSHORTLINE']",Bearish,0,1,-1
NABILP,2024-10-27,301.1,301.1,301.1,301.1,"['CDLDOJI', 'CDLSHORTLINE', 'CDLTRISTAR']",Bearish,0,1,-1
NADDF,2024-12-17,10.41,10.41,10.41,10.41,"['CDLDOJI', 'CDLSHORTLINE']",Bearish,0,1,-1
NBBD2085,2024-11-20,1195.0,1195.0,1195.0,1199.9,['CDLSHORTLINE'],Bearish,0,1,-1
NBF2,2024-12-29,9.69,9.69,9.5,9.68,"['CDLDOJI', 'CDLHAMMER', 'CDLLONGLEGGEDDOJI', 'CDLSHORTLINE', 'CDLTAKURI']",Bullish,1,1,0
NBF3,2024-12-29,9.5,9.65,9.0,9.4,"['CDLDOJI', 'CDLHAMMER', 'CDLHANGINGMAN', 'CDLINVERTEDHAMMER', 'CDLLONGLEGGEDDOJI', 'CDLMATCHINGLOW', 'CDLRICKSHAWMAN', 'CDLSHORTLINE', 'CDLSPINNINGTOP', 'CDLTAKURI']",Bullish,2,1,1
NBLD82,2024-11-24,1096.6,1174.0,1096.6,1172.0,"['CDLBELTHOLD', 'CDLLONGLINE']",Bullish,2,0,2
NBLD85,2024-12-29,1049.0,1050.0,1049.0,1050.0,"['CDLDOJI', 'CDLSHORTLINE']",Bearish,0,1,-1
NBLD87,2024-12-29,1064.0,1064.0,1064.0,1064.0,"['CDLDOJI', 'CDLSHORTLINE']",Bearish,0,1,-1
NCCD86,2024-12-29,1156.0,1156.0,1156.0,1156.0,"['CDLDOJI', 'CDLSHORTLINE']",Bearish,0,1,-1
NFCF,2024-12-12,11.43,11.43,11.43,11.43,"['CDLDOJI', 'CDLSHORTLINE']",Bearish,0,1,-1
NFSPO,2024-08-25,163.0,163.0,163.0,163.0,"['CDLDOJI', 'CDLDOJISTAR', 'CDLSHORTLINE']",Bearish,0,1,-1
NGPL,2024-12-29,262.0,263.0,256.1,256.1,['CDLSHORTLINE'],Bearish,0,1,-1
NHDL,2024-12-29,720.0,720.0,702.4,710.0,['CDLSHORTLINE'],Bearish,0,1,-1
NHPC,2024-12-29,218.0,219.0,213.8,214.0,['CDLSHORTLINE'],Bearish,0,1,-1
NIBD2082,2024-12-24,1144.0,1150.9,1144.0,1151.0,['CDLSHORTLINE'],Bearish,0,1,-1
NIBD84,2024-12-29,1033.0,1043.2,1033.0,1043.1,"['CDLBELTHOLD', 'CDLCLOSINGMARUBOZU', 'CDLLONGLINE', 'CDLMARUBOZU']",Bullish,4,0,4
NIBLGF,2024-12-29,8.7,8.87,8.66,8.87,"['CDLDOJI', 'CDLSHORTLINE']",Bearish,0,1,-1
NIBLPF,2024-01-08,9.47,9.48,9.32,9.32,"['CDLDOJI', 'CDLSHORTLINE']",Bearish,0,1,-1
NIBLSF,2024-11-25,11.21,11.21,11.21,11.21,"['CDLDOJI', 'CDLSHORTLINE']",Bearish,0,1,-1
NIBSF2,2024-12-29,8.45,8.6,8.44,8.5,"['CDLDOJI', 'CDLINVERTEDHAMMER', 'CDLLONGLEGGEDDOJI', 'CDLSHORTLINE', 'CDLTRISTAR']",Bullish,1,1,0
NICA,2024-12-29,400.0,404.7,391.0,391.0,['CDLCLOSINGMARUBOZU'],Bullish,1,0,1
NICAD 85/86,2024-05-08,1014.0,1015.2,1014.0,1015.1,['CDLSHORTLINE'],Bearish,0,1,-1
NICAD8182,2024-12-29,1056.3,1056.3,1056.3,1056.3,"['CDLDOJI', 'CDLSHORTLINE']",Bearish,0,1,-1
NICAD8283,2024-12-24,1062.1,1083.3,1062.1,1083.3,"['CDLBELTHOLD', 'CDLCLOSINGMARUBOZU', 'CDLLONGLINE', 'CDLMARUBOZU']",Bullish,4,0,4
NICAP,2024-06-18,331.3,331.3,331.3,331.3,"['CDLDOJI', 'CDLSHORTLINE']",Bearish,0,1,-1
NICBF,2024-12-29,9.0,9.22,9.0,9.22,"['CDLDOJI', 'CDLSHORTLINE']",Bearish,0,1,-1
NICD83/84,2024-12-29,1135.0,1135.0,1135.0,1135.0,"['CDLDOJI', 'CDLSHORTLINE', 'CDLTRISTAR']",Bearish,0,1,-1
NICD88,2024-12-29,1062.0,1062.8,1062.0,1062.0,"['CDLDOJI', 'CDLGRAVESTONEDOJI', 'CDLINVERTEDHAMMER', 'CDLLONGLEGGEDDOJI', 'CDLTRISTAR']",Bullish,1,0,1
NICFC,2024-12-29,8.99,9.18,8.99,9.11,"['CDLDOJI', 'CDLSHORTLINE']",Bearish,0,1,-1
NICGF,2024-12-29,10.33,10.33,10.33,10.33,"['CDLDOJI', 'CDLSHORTLINE', 'CDLTRISTAR']",Bearish,0,1,-1
NICGF2,2024-12-29,8.62,8.85,8.62,8.85,"['CDLDOJI', 'CDLSHORTLINE', 'CDLTRISTAR']",Bearish,0,1,-1
NICL,2024-12-29,973.7,973.7,955.0,959.0,['CDLBELTHOLD'],Bullish,1,0,1
NICLBSL,2024-12-29,663.0,683.0,660.0,660.0,['CDLINVERTEDHAMMER'],Bullish,1,0,1
NICSF,2024-12-29,9.2,9.38,9.2,9.34,"['CDLDOJI', 'CDLSHORTLINE']",Bearish,0,1,-1
NIFRA,2024-12-29,251.0,252.0,246.5,246.8,"['CDLCLOSINGMARUBOZU', 'CDLLONGLINE']",Bullish,2,0,2
NIL,2024-12-29,937.0,937.0,924.1,926.0,['CDLBELTHOLD'],Bullish,1,0,1
NILPO,2024-06-23,436.0,436.0,436.0,436.0,"['CDLDOJI', 'CDLDOJISTAR', 'CDLSHORTLINE']",Bearish,0,1,-1
NIMB,2024-12-29,230.2,230.2,221.0,221.0,"['CDLBELTHOLD', 'CDLCLOSINGMARUBOZU', 'CDLLONGLINE', 'CDLMARUBOZU']",Bullish,4,0,4
NLBBL,2024-03-12,565.0,595.0,555.0,595.0,['CDLCLOSINGMARUBOZU'],Bullish,1,0,1
NLBBLP,2024-02-08,401.0,401.0,401.0,401.0,"['CDLDOJI', 'CDLSHORTLINE']",Bearish,0,1,-1
NLICL,2024-12-29,567.0,567.0,561.8,562.0,['CDLSHORTLINE'],Bearish,0,1,-1
NLICLP,2024-11-28,293.5,293.5,293.5,293.5,"['CDLDOJI', 'CDLSHORTLINE']",Bearish,0,1,-1
NLICP,2024-10-07,450.0,450.0,450.0,450.0,"['CDLDOJI', 'CDLSHORTLINE']",Bearish,0,1,-1
NLO,2024-12-22,246.9,246.9,246.9,246.9,"['CDLDOJI', 'CDLSHORTLINE', 'CDLTRISTAR']",Bearish,0,1,-1
NMB,2024-12-29,253.0,253.0,245.0,246.0,"['CDLENGULFING', 'CDLSHORTLINE']",Bearish,0,1,-1
NMB50,2024-12-29,10.15,10.21,10.15,10.21,"['CDLDOJI', 'CDLSHORTLINE']",Bearish,0,1,-1
NMBD2085,2024-11-28,1090.8,1090.8,1090.8,1090.8,"['CDLDOJI', 'CDLSHORTLINE']",Bearish,0,1,-1
NMBD89/90,2024-12-23,1090.2,1090.2,1090.2,1068.4,"['CDLBELTHOLD', 'CDLCLOSINGMARUBOZU', 'CDLLONGLINE', 'CDLMARUBOZU']",Bullish,4,0,4
NMBPO,2024-12-18,140.0,140.0,140.0,140.0,"['CDLDOJI', 'CDLSHORTLINE']",Bearish,0,1,-1
NMBSBF,2024-12-29,10.47,10.47,10.47,10.47,"['CDLDOJI', 'CDLSHORTLINE']",Bearish,0,1,-1
NMFBSP,2024-11-26,755.0,755.0,755.0,755.0,"['CDLDOJI', 'CDLSHORTLINE']",Bearish,0,1,-1
NMLBBL,2024-12-29,675.0,689.0,675.0,676.0,"['CDLDOJI', 'CDLGRAVESTONEDOJI', 'CDLINVERTEDHAMMER', 'CDLLONGLEGGEDDOJI']",Bullish,1,0,1
NRM,2024-12-29,445.0,447.5,432.1,438.9,"['CDLHAMMER', 'CDLSHORTLINE']",Bullish,1,1,0
NRN,2024-12-29,930.0,1030.0,930.0,999.0,['CDLBELTHOLD'],Bullish,1,0,1
NSIF2,2024-12-29,10.4,10.6,10.13,10.13,"['CDLDOJI', 'CDLSHORTLINE']",Bearish,0,1,-1
NTC,2024-12-29,951.0,962.0,951.0,960.3,['CDLSHORTLINE'],Bearish,0,1,-1
NUBL,2024-12-29,680.0,700.0,669.0,691.0,['CDLSHORTLINE'],Bearish,0,1,-1
NWCL,2024-12-29,957.0,980.0,955.0,957.0,"['CDLDOJI', 'CDLGRAVESTONEDOJI', 'CDLHIGHWAVE', 'CDLLONGLEGGEDDOJI', 'CDLSHOOTINGSTAR', 'CDLSPINNINGTOP']",Bearish,0,1,-1
NYADI,2024-12-29,438.0,473.0,428.0,428.0,['CDLINVERTEDHAMMER'],Bullish,1,0,1
OTHERS,2024-12-29,1940.61,1953.19,1935.19,1946.37,['CDLSHORTLINE'],Bearish,0,1,-1
PBD85,2024-12-29,1061.0,1061.0,1061.0,1061.0,"['CDLDOJI', 'CDLSHORTLINE']",Bearish,0,1,-1
PBD88,2024-12-29,1150.0,1153.0,1133.0,1133.0,"['CDLCLOSINGMARUBOZU', 'CDLLONGLINE']",Bullish,2,0,2
PBLD84,2024-12-29,1095.0,1095.0,1079.4,1090.0,['CDLHAMMER'],Bullish,1,0,1
PBLD86,2024-12-23,1136.0,1136.0,1115.0,1115.0,"['CDLBELTHOLD', 'CDLCLOSINGMARUBOZU', 'CDLLONGLINE', 'CDLMARUBOZU']",Bullish,4,0,4
PCBL,2024-12-29,266.3,268.0,257.1,258.2,['CDLSHORTLINE'],Bearish,0,1,-1
PCBLP,2024-12-26,103.6,105.2,103.6,105.2,"['CDLDOJI', 'CDLSHORTLINE']",Bearish,0,1,-1
PFL,2024-12-29,609.0,610.0,572.0,577.0,"['CDLBELTHOLD', 'CDLLONGLINE']",Bullish,2,0,2
PHCL,2024-12-29,518.3,530.0,515.0,515.0,['CDLINVERTEDHAMMER'],Bullish,1,0,1
PRIN,2024-12-29,958.9,959.7,940.0,947.0,['CDLBELTHOLD'],Bullish,1,0,1
PROFL,2024-12-29,622.1,629.0,608.1,609.0,['CDLCLOSINGMARUBOZU'],Bullish,1,0,1
PROFLP,2024-12-18,122.0,122.0,122.0,122.0,"['CDLDOJI', 'CDLDOJISTAR', 'CDLSHORTLINE']",Bearish,0,1,-1
PRSF,2024-12-29,9.73,10.19,9.73,10.19,"['CDLDOJI', 'CDLSHORTLINE']",Bearish,0,1,-1
PRVU,2024-12-29,248.8,250.0,239.1,241.1,['CDLSHORTLINE'],Bearish,0,1,-1
PRVUPO,2024-12-03,121.6,121.6,120.0,120.0,['CDLSHORTLINE'],Bearish,0,1,-1
PSF,2024-12-29,9.81,10.03,9.81,10.03,"['CDLDOJI', 'CDLSHORTLINE']",Bearish,0,1,-1
RBBD83,2024-12-29,1049.0,1050.0,1042.1,1042.1,"['CDLBELTHOLD', 'CDLCLOSINGMARUBOZU', 'CDLLONGLINE', 'CDLMARUBOZU']",Bullish,4,0,4
RFPL,2024-12-29,980.0,1020.0,945.0,1020.0,['CDLCLOSINGMARUBOZU'],Bullish,1,0,1
RHGCL,2024-12-29,557.0,557.0,520.0,521.1,"['CDLBELTHOLD', 'CDLCLOSINGMARUBOZU', 'CDLLONGLINE', 'CDLMARUBOZU']",Bullish,4,0,4
RHPL,2024-12-29,424.0,428.1,419.7,420.0,"['CDLDOJI', 'CDLDOJISTAR', 'CDLINVERTEDHAMMER', 'CDLLONGLEGGEDDOJI', 'CDLSHORTLINE']",Bullish,1,1,0
RIDI,2024-12-29,220.0,224.5,219.0,219.8,"['CDLDOJI', 'CDLHAMMER', 'CDLHIGHWAVE', 'CDLINVERTEDHAMMER', 'CDLLONGLEGGEDDOJI', 'CDLRICKSHAWMAN', 'CDLSHORTLINE', 'CDLSPINNINGTOP', 'CDLTAKURI']",Bullish,2,1,1
RLFL,2024-12-29,577.0,580.0,558.0,561.8,['CDLSHORTLINE'],Bearish,0,1,-1
RLFLPO,2024-04-15,204.0,204.0,204.0,204.0,"['CDLDOJI', 'CDLSHORTLINE']",Bearish,0,1,-1
RMF1,2024-12-29,9.1,9.26,9.1,9.26,"['CDLDOJI', 'CDLSHORTLINE']",Bearish,0,1,-1
RMF2,2024-12-29,9.09,9.43,9.09,9.43,"['CDLDOJI', 'CDLGAPSIDESIDEWHITE', 'CDLSHORTLINE']",Bearish,0,1,-1
RNLI,2024-12-29,494.0,500.0,493.8,495.8,"['CDLDOJI', 'CDLLONGLEGGEDDOJI', 'CDLSHOOTINGSTAR', 'CDLSHORTLINE']",Bearish,0,2,-2
SABSL,2024-07-11,1093.0,1093.0,1034.0,1045.0,['CDLBELTHOLD'],Bullish,1,0,1
SADBL,2024-12-29,403.9,407.0,400.1,402.0,['CDLSHORTLINE'],Bearish,0,1,-1
SADBLP,2024-10-27,164.0,164.0,164.0,164.0,"['CDLDOJI', 'CDLSHORTLINE']",Bearish,0,1,-1
SAEF,2024-12-22,11.07,11.31,11.07,11.25,"['CDLDOJI', 'CDLSHORTLINE']",Bearish,0,1,-1
SAGF,2024-12-29,9.6,10.0,9.6,9.9,"['CDLDOJI', 'CDLSHORTLINE']",Bearish,0,1,-1
SAHAS,2024-12-29,479.0,480.0,471.0,472.0,"['CDLBELTHOLD', 'CDLCLOSINGMARUBOZU', 'CDLLONGLINE', 'CDLMARUBOZU']",Bullish,4,0,4
SALICO,2024-12-29,691.0,704.0,691.0,698.0,['CDLBELTHOLD'],Bullish,1,0,1
SAMAJ,2024-12-29,3599.0,3650.0,3509.9,3509.9,['CDLCLOSINGMARUBOZU'],Bullish,1,0,1
SAND2085,2024-12-09,1119.0,1150.0,1119.0,1150.0,"['CDLBELTHOLD', 'CDLCLOSINGMARUBOZU', 'CDLLONGLINE', 'CDLMARUBOZU']",Bullish,4,0,4
SANIMA,2024-12-29,309.0,309.0,302.0,302.1,['CDLSHORTLINE'],Bearish,0,1,-1
SAPDBL,2024-12-29,950.0,983.9,872.1,872.1,['CDLCLOSINGMARUBOZU'],Bullish,1,0,1
SBCF,2024-12-29,9.05,9.13,9.05,9.13,"['CDLDOJI', 'CDLSHORTLINE']",Bearish,0,1,-1
SBI,2024-12-29,442.0,442.0,428.0,430.0,['CDLSHORTLINE'],Bearish,0,1,-1
SBIBD86,2024-12-26,1102.0,1114.4,1102.0,1114.4,['CDLSHORTLINE'],Bearish,0,1,-1
SBID83,2024-12-29,1130.0,1130.0,1130.0,1130.0,"['CDLDOJI', 'CDLSHORTLINE']",Bearish,0,1,-1
SBL,2024-12-29,310.0,311.5,303.0,306.0,['CDLSHORTLINE'],Bearish,0,1,-1
SBLD2082,2024-12-29,1160.0,1160.0,1160.0,1160.0,"['CDLDOJI', 'CDLSHORTLINE']",Bearish,0,1,-1
SBLD83,2024-12-29,1144.0,1144.4,1144.0,1144.4,"['CDLDOJI', 'CDLSHORTLINE']",Bearish,0,1,-1
SBLD84,2024-12-29,1041.0,1059.0,1040.2,1059.0,"['CDLBELTHOLD', 'CDLCLOSINGMARUBOZU', 'CDLLONGLINE', 'CDLMARUBOZU']",Bullish,4,0,4
SBLPO,2024-07-21,137.7,137.7,137.7,137.7,"['CDLDOJI', 'CDLSHORTLINE']",Bearish,0,1,-1
SCBD,2024-12-29,1110.0,1110.0,1110.0,1110.0,"['CDLDOJI', 'CDLSHORTLINE']",Bearish,0,1,-1
SDBD87,2024-12-26,1088.0,1088.0,1088.0,1088.0,"['CDLDOJI', 'CDLSHORTLINE']",Bearish,0,1,-1
SEF,2024-12-29,9.56,9.75,9.56,9.58,"['CDLDOJI', 'CDLDOJISTAR', 'CDLINVERTEDHAMMER', 'CDLLONGLEGGEDDOJI', 'CDLSHORTLINE']",Bullish,1,1,0
SENFLOAT,2024-12-29,150.46,151.24,149.1,149.46,['CDLSHORTLINE'],Bearish,0,1,-1
SFCL,2024-12-29,640.0,640.0,601.0,608.0,['CDLBELTHOLD'],Bullish,1,0,1
SFEF,2024-12-29,9.1,9.17,9.1,9.17,"['CDLDOJI', 'CDLDOJISTAR', 'CDLSHORTLINE']",Bearish,0,1,-1
SFMF,2024-12-29,10.09,10.09,10.09,10.09,"['CDLDOJI', 'CDLGAPSIDESIDEWHITE', 'CDLSHORTLINE']",Bearish,0,1,-1
SGHC,2024-12-29,477.0,477.0,448.0,461.0,['CDLBELTHOLD'],Bullish,1,0,1
SGIC,2024-12-29,658.0,678.0,658.0,663.0,['CDLSHOOTINGSTAR'],Bearish,0,1,-1
SHEL,2024-12-29,240.0,242.0,235.3,237.0,['CDLSHORTLINE'],Bearish,0,1,-1
SHINE,2024-12-29,440.0,440.0,424.1,426.0,"['CDLBELTHOLD', 'CDLLONGLINE']",Bullish,2,0,2
SHINEP,2024-11-06,262.0,262.0,262.0,262.0,"['CDLDOJI', 'CDLDOJISTAR', 'CDLSHORTLINE']",Bearish,0,1,-1
SHIVM,2024-12-29,570.0,570.0,554.0,555.0,"['CDLBELTHOLD', 'CDLCLOSINGMARUBOZU', 'CDLLONGLINE', 'CDLMARUBOZU']",Bullish,4,0,4
SHLB,2024-12-29,2660.0,2893.0,2660.0,2785.0,"['CDLABANDONEDBABY', 'CDLBELTHOLD', 'CDLMORNINGDOJISTAR', 'CDLMORNINGSTAR']",Bullish,3,0,3
SHPC,2024-12-29,482.0,482.0,458.5,462.0,"['CDLBELTHOLD', 'CDLLONGLINE']",Bullish,2,0,2
SICL,2024-12-29,786.0,801.0,786.0,799.0,['CDLSHORTLINE'],Bearish,0,1,-1
SIFCPO,2024-05-09,228.0,228.0,228.0,228.0,"['CDLDOJI', 'CDLSHORTLINE']",Bearish,0,1,-1
SIGS2,2024-12-29,9.37,9.55,9.37,9.42,"['CDLDOJI', 'CDLINVERTEDHAMMER', 'CDLLONGLEGGEDDOJI', 'CDLSHORTLINE']",Bullish,1,1,0
SIGS3,2024-12-29,9.55,9.82,9.55,9.82,"['CDLDOJI', 'CDLGAPSIDESIDEWHITE', 'CDLSHORTLINE', 'CDLTRISTAR']",Bearish,0,1,-1
SIKLES,2024-12-29,852.0,861.0,816.0,816.0,['CDLCLOSINGMARUBOZU'],Bullish,1,0,1
SINDU,2024-12-29,862.0,862.0,761.4,761.4,"['CDLBELTHOLD', 'CDLCLOSINGMARUBOZU', 'CDLLONGLINE', 'CDLMARUBOZU']",Bullish,4,0,4
SINDUP,2024-03-13,188.0,188.0,188.0,188.0,"['CDLDOJI', 'CDLDOJISTAR', 'CDLSHORTLINE']",Bearish,0,1,-1
SJCL,2024-12-29,350.0,351.0,342.0,343.0,['CDLSHORTLINE'],Bearish,0,1,-1
SJLIC,2024-12-29,450.0,456.0,446.1,447.9,"['CDLDOJI', 'CDLGRAVESTONEDOJI', 'CDLLONGLEGGEDDOJI', 'CDLSHOOTINGSTAR']",Bearish,0,1,-1
SKBBLP,2024-09-05,100.0,100.0,100.0,100.0,"['CDLDOJI', 'CDLSHORTLINE']",Bearish,0,1,-1
SLBBL,2024-12-29,875.4,925.1,875.4,910.0,['CDLBELTHOLD'],Bullish,1,0,1
SLBBLP,2024-02-22,410.0,410.0,410.0,410.0,"['CDLDOJI', 'CDLSHORTLINE']",Bearish,0,1,-1
SLCF,2024-12-29,9.51,9.63,9.35,9.63,"['CDLDOJI', 'CDLHAMMER', 'CDLLONGLEGGEDDOJI', 'CDLSHORTLINE']",Bullish,1,1,0
SLK,2024-12-12,11.75,11.75,11.75,11.75,"['CDLDOJI', 'CDLGAPSIDESIDEWHITE', 'CDLSHORTLINE']",Bearish,0,1,-1
SMATA,2024-12-29,805.0,863.0,805.0,839.0,['CDLBELTHOLD'],Bullish,1,0,1
SMATAP,2024-11-20,495.0,495.0,495.0,495.0,"['CDLDOJI', 'CDLSHORTLINE']",Bearish,0,1,-1
SMB,2024-12-29,3906.2,3906.2,3587.4,3587.4,"['CDLBELTHOLD', 'CDLCLOSINGMARUBOZU', 'CDLLONGLINE', 'CDLMARUBOZU']",Bullish,4,0,4
SMBPO,2024-12-01,652.0,652.0,652.0,750.0,"['CDLBELTHOLD', 'CDLCLOSINGMARUBOZU', 'CDLLONGLINE', 'CDLMARUBOZU']",Bullish,4,0,4
SMHL,2024-12-29,1180.0,1223.0,1180.0,1200.1,['CDLSHOOTINGSTAR'],Bearish,0,1,-1
SMJC,2024-12-29,531.0,531.0,512.0,512.0,['CDLSHORTLINE'],Bearish,0,1,-1
SNLI,2024-12-29,615.2,630.0,615.2,622.0,"['CDLDOJI', 'CDLGRAVESTONEDOJI', 'CDLINVERTEDHAMMER', 'CDLLONGLEGGEDDOJI']",Bullish,1,0,1
SONA,2024-12-29,465.0,465.0,450.1,454.0,['CDLSHORTLINE'],Bearish,0,1,-1
SPDL,2024-12-29,335.0,335.0,320.3,322.9,['CDLSHORTLINE'],Bearish,0,1,-1
SPIL,2024-12-29,794.0,800.0,786.1,800.0,['CDLSHORTLINE'],Bearish,0,1,-1
SPL,2024-12-29,1060.8,1060.8,985.0,1010.0,"['CDLBELTHOLD', 'CDLHIKKAKE']",Bullish,1,1,0
SRBLD83,2024-12-26,1150.0,1152.6,1150.0,1152.6,"['CDLDOJI', 'CDLSHORTLINE']",Bearish,0,1,-1
SRLI,2024-12-29,420.1,424.0,420.0,421.3,"['CDLDOJI', 'CDLHIKKAKE', 'CDLINVERTEDHAMMER', 'CDLLONGLEGGEDDOJI', 'CDLSHORTLINE']",Bullish,1,2,-1
SSHL,2024-12-29,231.5,232.9,225.0,225.0,['CDLSHORTLINE'],Bearish,0,1,-1
SSIS,2024-11-27,11.03,11.03,11.03,11.03,"['CDLDOJI', 'CDLSHORTLINE']",Bearish,0,1,-1
STC,2024-12-29,5713.0,5713.0,5610.1,5617.0,['CDLBELTHOLD'],Bullish,1,0,1
SWBBL,2024-12-29,890.0,892.0,873.0,889.8,"['CDLDOJI', 'CDLDOJISTAR', 'CDLDRAGONFLYDOJI', 'CDLHAMMER', 'CDLHIGHWAVE', 'CDLLONGLEGGEDDOJI', 'CDLSPINNINGTOP', 'CDLTAKURI']",Bullish,1,0,1
SWBBLP,2024-08-06,782.0,782.0,782.0,782.0,"['CDLDOJI', 'CDLSHORTLINE']",Bearish,0,1,-1
TRH,2024-12-29,1079.9,1080.0,1064.0,1080.0,"['CDLDOJI', 'CDLDOJISTAR', 'CDLDRAGONFLYDOJI', 'CDLHAMMER', 'CDLLONGLEGGEDDOJI', 'CDLTAKURI']",Bullish,1,0,1
TSHL,2024-12-29,879.0,879.0,838.0,849.0,"['CDLBELTHOLD', 'CDLLONGLINE']",Bullish,2,0,2
TVCL,2024-12-29,563.0,564.0,546.0,554.0,['CDLSHORTLINE'],Bearish,0,1,-1
UAIL,2024-12-29,628.0,633.0,623.3,632.5,"['CDLDOJI', 'CDLDRAGONFLYDOJI', 'CDLHANGINGMAN', 'CDLLONGLEGGEDDOJI', 'CDLSHORTLINE']",Bearish,0,1,-1
UHEWA,2024-12-29,680.0,713.0,678.0,699.9,['CDLBELTHOLD'],Bullish,1,0,1
ULHC,2024-12-29,511.3,511.3,476.1,480.0,"['CDLBELTHOLD', 'CDLCLOSINGMARUBOZU', 'CDLLONGLINE', 'CDLMARUBOZU']",Bullish,4,0,4
UMHL,2024-12-29,323.5,330.0,318.0,319.9,"['CDLDOJI', 'CDLDOJISTAR', 'CDLINVERTEDHAMMER', 'CDLLONGLEGGEDDOJI', 'CDLSHORTLINE']",Bullish,1,1,0
UMRH,2024-12-29,629.0,631.0,607.0,610.0,['CDLSHORTLINE'],Bearish,0,1,-1
UNHPL,2024-12-29,284.0,284.0,275.0,278.9,"['CDLDOJI', 'CDLSHORTLINE']",Bearish,0,1,-1
UNL,2024-12-29,46000.0,46000.0,45750.0,45750.0,"['CDLBELTHOLD', 'CDLCLOSINGMARUBOZU', 'CDLLONGLINE', 'CDLMARUBOZU']",Bullish,4,0,4
UNLB,2024-12-29,2400.2,2652.0,2400.2,2530.0,['CDLBELTHOLD'],Bullish,1,0,1
UPCL,2024-12-29,272.0,274.7,266.0,267.0,"['CDLDOJI', 'CDLSHORTLINE']",Bearish,0,1,-1
UPPER,2024-12-29,204.0,208.8,203.0,204.0,"['CDLDOJI', 'CDLHAMMER', 'CDLHIGHWAVE', 'CDLINVERTEDHAMMER', 'CDLLONGLEGGEDDOJI', 'CDLRICKSHAWMAN', 'CDLSHORTLINE', 'CDLSPINNINGTOP', 'CDLTAKURI']",Bullish,2,1,1
USHEC,2024-12-29,598.7,615.0,585.1,594.0,"['CDLDOJI', 'CDLGRAVESTONEDOJI', 'CDLLONGLEGGEDDOJI', 'CDLRICKSHAWMAN', 'CDLSHOOTINGSTAR', 'CDLSHORTLINE', 'CDLSPINNINGTOP', 'CDLTRISTAR']",Bearish,0,2,-2
USHL,2024-12-29,750.5,790.0,750.5,785.0,['CDLSHORTLINE'],Bearish,0,1,-1
VLBSPO,2024-12-22,495.0,495.0,495.0,495.0,"['CDLDOJI', 'CDLSHORTLINE']",Bearish,0,1,-1
VLUCL,2024-12-29,650.0,669.9,645.0,657.0,"['CDLDOJI', 'CDLGRAVESTONEDOJI', 'CDLLONGLEGGEDDOJI', 'CDLSHOOTINGSTAR', 'CDLSHORTLINE', 'CDLTRISTAR']",Bearish,0,2,-2
